Workbook

Sheet Hypothèses
A1: LÉGENDE : cellules bleues = valeurs modifiables (inputs) — cellules noires = formules.
A2: Scénario HYBRIDE : réseau de prestataires locaux (Toulouse) pour les prestations réactives/légères (U1, U3, U8) — à construire avant le 30/09 — et équipe parisienne pour les productions plus lourdes (U2, U5, U6).
A3: Poste | B3: Valeur | C3: Unité | D3: Source
A4: Réalisateur (pub/institutionnel) | B4: 1200 | C4: €/j | D4: BPU IDFM Grille Coûts Production — SPIAC / Marché pub
A5: Cadreur / JRI (chef opérateur) | B5: 550 | C5: €/j | D5: BPU IDFM Grille Coûts Production — COMETES / Malt
A6: Chef OPS / Ingénieur du son | B6: 500 | C6: €/j | D6: BPU IDFM Grille Coûts Production — COMETES / CCPA
A7: Assistant·e de production (régie) | B7: 300 | C7: €/j | D7: BPU IDFM Grille Coûts Production — COMETES
A8: Monteur·se | B8: 500 | C8: €/j | D8: BPU IDFM Grille Coûts Production — COMETES / Malt
A9: Étalonneur·se | B9: 480 | C9: €/j | D9: BPU IDFM Grille Coûts Production — COMETES / Malt
A10: Mixeur·se | B10: 480 | C10: €/j | D10: BPU IDFM Grille Coûts Production — COMETES / CCPA
A11: Motion designer | B11: 600 | C11: €/j | D11: BPU IDFM Grille Coûts Production — Marché pub / Malt
A12: Storyboarder (freelance) | B12: 400 | C12: €/j | D12: BPU IDFM Grille Coûts Production — Marché pub
A13: Journaliste / accompagnement éditorial | B13: 500 | C13: €/j | D13: BPU IDFM Grille Coûts Production — Concepteur-Rédacteur, Marché/Malt
A14: Taux interne (supervision / coordination) | B14: 200 | C14: €/j | D14: Référentiel de Coûts Internes Pôle Audiovisuel — validé Direction
A15: Cadreur/JRI LOCAL Toulouse (réseau à construire) | B15: 550 | C15: €/j | D15: HYPOTHÈSE — même TJM que Paris faute de données locales, à ajuster une fois le réseau identifié
... A24: TVA | B24: 0.2 | C24: % | D24: Taux standard

Sheet BPU - Grille de prix
A1: Poste | B1: Jours / Quantité | C1: Taux unitaire | D1: Coût
A2: U1 — Interview simple (1/2 journée) — RÉSEAU LOCAL
A3: Cadreur/JRI LOCAL (image + son) | B3: 0.5 | C3: =Hypothèses!$B$15 -> 550 | D3: =B3*C3 -> 275
A4: Supervision interne (coordination à distance) | B4: 0.25 | C4: =Hypothèses!$B$14 -> 200 | D4: =B4*C4 -> 50
A5: Montage (interne, à distance) | B5: 1 | C5: =Hypothèses!$B$8 -> 500 | D5: =B5*C5 -> 500
A6: Kit tournage léger (loué localement) | B6: 0.5 | C6: =Hypothèses!$B$16 -> 300 | D6: =B6*C6 -> 150
A7: Sous-total | D7: =D3+D4+D5+D6 -> 975
A8: Pilotage | C8: =Hypothèses!$B$21 -> 0.05 | D8: =D7*Hypothèses!$B$21 -> 48.75
A9: Assurance production | C9: =Hypothèses!$B$22 -> 0.03 | D9: =D7*Hypothèses!$B$22 -> 29.25
A10: Provision imprévus | C10: =Hypothèses!$B$23 -> 0.05 | D10: =D7*Hypothèses!$B$23 -> 48.75
A11: PRIX UNITAIRE (HT) | D11: =D7+D8+D9+D10 -> 1101.75
A12: TVA | D12: =D11*Hypothèses!$B$24 -> 220.35
A13: PRIX UNITAIRE (TTC) | D13: =D11+D12 -> 1322.1
A15: U2 — Portrait / témoignage (1 jour) — équipe Paris
A16: Réalisateur (direction, mi-temps) | B16: 0.5 | C16: =Hypothèses!$B$4 -> 1200 | D16: =B16*C16 -> 600
A17: Cadreur / JRI | B17: 1 | C17: =Hypothèses!$B$5 -> 550 | D17: =B17*C17 -> 550
A18: Chef OPS / Ingénieur du son | B18: 1 | C18: =Hypothèses!$B$6 -> 500 | D18: =B18*C18 -> 500
A19: Régie | B19: 0.5 | C19: =Hypothèses!$B$7 -> 300 | D19: =B19*C19 -> 150
A20: Supervision interne | B20: 0.25 | C20: =Hypothèses!$B$14 -> 200 | D20: =B20*C20 -> 50
A21: Montage | B21: 1.5 | C21: =Hypothèses!$B$8 -> 500 | D21: =B21*C21 -> 750
A22: Étalonnage | B22: 0.25 | C22: =Hypothèses!$B$9 -> 480 | D22: =B22*C22 -> 120
A23: Déplacement Paris-Toulouse (équipe légère) | B23: 1 | C23: =Hypothèses!$B$18 -> 900 | D23: =B23*C23 -> 900
A24: Kit tournage intermédiaire | B24: 1 | C24: =Hypothèses!$B$17 -> 700 | D24: =B24*C24 -> 700
A25: Sous-total | D25: =D16+D17+D18+D19+D20+D21+D22+D23+D24 -> 4320
A26: Pilotage | C26: =Hypothèses!$B$21 -> 0.05 | D26: =D25*Hypothèses!$B$21 -> 216
A27: Assurance production | C27: =Hypothèses!$B$22 -> 0.03 | D27: =D25*Hypothèses!$B$22 -> 129.6
A28: Provision imprévus | C28: =Hypothèses!$B$23 -> 0.05 | D28: =D25*Hypothèses!$B$23 -> 216
A29: PRIX UNITAIRE (HT) | D29: =D25+D26+D27+D28 -> 4881.6
A30: TVA | D30: =D29*Hypothèses!$B$24 -> 976.32
A31: PRIX UNITAIRE (TTC) | D31: =D29+D30 -> 5857.92
A33: U3 — Reportage événementiel (1 jour) — RÉSEAU LOCAL
A34: Cadreur/JRI LOCAL | B34: 1 | C34: =Hypothèses!$B$15 -> 550 | D34: =B34*C34 -> 550
A35: Supervision interne (coordination à distance) | B35: 0.25 | C35: =Hypothèses!$B$14 -> 200 | D35: =B35*C35 -> 50
A36: Montage (interne, à distance) | B36: 1.5 | C36: =Hypothèses!$B$8 -> 500 | D36: =B36*C36 -> 750
A37: Kit tournage intermédiaire (loué localement) | B37: 1 | C37: =Hypothèses!$B$17 -> 700 | D37: =B37*C37 -> 700
A38: Sous-total | D38: =D34+D35+D36+D37 -> 2050
A39: Pilotage | C39: =Hypothèses!$B$21 -> 0.05 | D39: =D38*Hypothèses!$B$21 -> 102.5
A40: Assurance production | C40: =Hypothèses!$B$22 -> 0.03 | D40: =D38*Hypothèses!$B$22 -> 61.5
A41: Provision imprévus | C41: =Hypothèses!$B$23 -> 0.05 | D41: =D38*Hypothèses!$B$23 -> 102.5
A42: PRIX UNITAIRE (HT) | D42: =D38+D39+D40+D41 -> 2316.5
A43: TVA | D43: =D42*Hypothèses!$B$24 -> 463.3
A44: PRIX UNITAIRE (TTC) | D44: =D42+D43 -> 2779.8
A46: U4 — Capsule réseaux sociaux (déclinaison, sans tournage)
A47: Montage / déclinaison | B47: 0.5 | C47: =Hypothèses!$B$8 -> 500 | D47: =B47*C47 -> 250
A48: Sous-total | D48: =D47 -> 250
A49: Pilotage | C49: =Hypothèses!$B$21 -> 0.05 | D49: =D48*Hypothèses!$B$21 -> 12.5
A50: PRIX UNITAIRE (HT) | D50: =D48+D49 -> 262.5
A51: TVA | D51: =D50*Hypothèses!$B$24 -> 52.5
A52: PRIX UNITAIRE (TTC) | D52: =D50+D51 -> 315
A54: U5 — Film institutionnel (2 jours de tournage) — équipe Paris
A55: Storyboard | B55: 1 | C55: =Hypothèses!$B$12 -> 400 | D55: =B55*C55 -> 400
A56: Écriture (interne) | B56: 1 | C56: =Hypothèses!$B$14 -> 200 | D56: =B56*C56 -> 200
A57: Réalisateur | B57: 2 | C57: =Hypothèses!$B$4 -> 1200 | D57: =B57*C57 -> 2400
A58: Cadreur / JRI | B58: 2 | C58: =Hypothèses!$B$5 -> 550 | D58: =B58*C58 -> 1100
A59: Chef OPS / Ingénieur du son | B59: 2 | C59: =Hypothèses!$B$6 -> 500 | D59: =B59*C59 -> 1000
A60: Régie | B60: 1 | C60: =Hypothèses!$B$7 -> 300 | D60: =B60*C60 -> 300
A61: Supervision interne | B61: 0.5 | C61: =Hypothèses!$B$14 -> 200 | D61: =B61*C61 -> 100
A62: Montage | B62: 3 | C62: =Hypothèses!$B$8 -> 500 | D62: =B62*C62 -> 1500
A63: Étalonnage | B63: 0.5 | C63: =Hypothèses!$B$9 -> 480 | D63: =B63*C63 -> 240
A64: Mixage son | B64: 0.5 | C64: =Hypothèses!$B$10 -> 480 | D64: =B64*C64 -> 240
A65: Motion design / habillage | B65: 1 | C65: =Hypothèses!$B$11 -> 600 | D65: =B65*C65 -> 600
A66: Déplacement Paris-Toulouse (équipe complète) | B66: 1 | C66: =Hypothèses!$B$19 -> 1500 | D66: =B66*C66 -> 1500
A67: Kit tournage intermédiaire | B67: 2 | C67: =Hypothèses!$B$17 -> 700 | D67: =B67*C67 -> 1400
A68: Sous-total | D68: =D55+D56+D57+D58+D59+D60+D61+D62+D63+D64+D65+D66+D67 -> 10980
A69: Pilotage | C69: =Hypothèses!$B$21 -> 0.05 | D69: =D68*Hypothèses!$B$21 -> 549
A70: Assurance production | C70: =Hypothèses!$B$22 -> 0.03 | D70: =D68*Hypothèses!$B$22 -> 329.4
A71: Provision imprévus | C71: =Hypothèses!$B$23 -> 0.05 | D71: =D68*Hypothèses!$B$23 -> 549
A72: PRIX UNITAIRE (HT) | D72: =D68+D69+D70+D71 -> 12407.4
A73: TVA | D73: =D72*Hypothèses!$B$24 -> 2481.48
A74: PRIX UNITAIRE (TTC) | D74: =D72+D73 -> 14888.88
A76: U6 — Vidéo vulgarisation scientifique (1,5 jour) — équipe Paris
A77: Réalisateur | B77: 1 | C77: =Hypothèses!$B$4 -> 1200 | D77: =B77*C77 -> 1200
A78: Cadreur / JRI | B78: 1.5 | C78: =Hypothèses!$B$5 -> 550 | D78: =B78*C78 -> 825
A79: Chef OPS / Ingénieur du son | B79: 1.5 | C79: =Hypothèses!$B$6 -> 500 | D79: =B79*C79 -> 750
A80: Régie | B80: 0.5 | C80: =Hypothèses!$B$7 -> 300 | D80: =B80*C80 -> 150
A81: Supervision interne | B81: 0.25 | C81: =Hypothèses!$B$14 -> 200 | D81: =B81*C81 -> 50
A82: Montage | B82: 2 | C82: =Hypothèses!$B$8 -> 500 | D82: =B82*C82 -> 1000
A83: Motion design (schémas/graphiques) | B83: 0.5 | C83: =Hypothèses!$B$11 -> 600 | D83: =B83*C83 -> 300
A84: Déplacement Paris-Toulouse (équipe légère) | B84: 1 | C84: =Hypothèses!$B$18 -> 900 | D84: =B84*C84 -> 900
A85: Kit tournage intermédiaire | B85: 1.5 | C85: =Hypothèses!$B$17 -> 700 | D85: =B85*C85 -> 1050
A86: Sous-total | D86: =D77+D78+D79+D80+D81+D82+D83+D84+D85 -> 6225
A87: Pilotage | C87: =Hypothèses!$B$21 -> 0.05 | D87: =D86*Hypothèses!$B$21 -> 311.25
A88: Assurance production | C88: =Hypothèses!$B$22 -> 0.03 | D88: =D86*Hypothèses!$B$22 -> 186.75
A89: Provision imprévus | C89: =Hypothèses!$B$23 -> 0.05 | D89: =D86*Hypothèses!$B$23 -> 311.25
A90: PRIX UNITAIRE (HT) | D90: =D86+D87+D88+D89 -> 7034.25
A91: TVA | D91: =D90*Hypothèses!$B$24 -> 1406.85
A92: PRIX UNITAIRE (TTC) | D92: =D90+D91 -> 8441.1
A94: U7 — Sous-titrage additionnel (par vidéo)
A95: Sous-titrage | B95: 0.25 | C95: =Hypothèses!$B$8 -> 500 | D95: =B95*C95 -> 125
A96: Sous-total | D96: =D95 -> 125
A97: Pilotage | C97: =Hypothèses!$B$21 -> 0.05 | D97: =D96*Hypothèses!$B$21 -> 6.25
A98: PRIX UNITAIRE (HT) | D98: =D96+D97 -> 131.25
A99: TVA | D99: =D98*Hypothèses!$B$24 -> 26.25
A100: PRIX UNITAIRE (TTC) | D100: =D98+D99 -> 157.5
A102: U8 — Prestation urgente 48h (1/2 journée) — RÉSEAU LOCAL
A103: Cadreur/JRI LOCAL (poly-compétent image+son) | B103: 0.5 | C103: =Hypothèses!$B$15 -> 550 | D103: =B103*C103 -> 275
A104: Supervision interne (coordination à distance) | B104: 0.25 | C104: =Hypothèses!$B$14 -> 200 | D104: =B104*C104 -> 50
A105: Montage (interne, à distance) | B105: 0.75 | C105: =Hypothèses!$B$8 -> 500 | D105: =B105*C105 -> 375
A106: Kit tournage léger (loué localement) | B106: 0.5 | C106: =Hypothèses!$B$16 -> 300 | D106: =B106*C106 -> 150
A107: Majoration réactivité 48h | B107: 1 | C107: =Hypothèses!$B$20 -> 300 | D107: =B107*C107 -> 300
...

Sheet Récapitulatif DQE
A1: Unité | B1: Prix unitaire HT | C1: Prix unitaire TTC | D1: Équipe
A2: U1 — Interview simple (1/2 journée) — RÉSEAU LOCAL | B2: ='BPU - Grille de prix'!D11 -> 1101.75 | C2: ='BPU - Grille de prix'!D13 -> 1322.1 | D2: Locale (à construire)
A3: U2 — Portrait / témoignage (1 jour) — équipe Paris | B3: ='BPU - Grille de prix'!D29 -> 4881.6 | C3: ='BPU - Grille de prix'!D31 -> 5857.92 | D3: Paris
A4: U3 — Reportage événementiel (1 jour) — RÉSEAU LOCAL | B4: ='BPU - Grille de prix'!D42 -> 2316.5 | C4: ='BPU - Grille de prix'!D44 -> 2779.8 | D4: Locale (à construire)
A5: U4 — Capsule réseaux sociaux (déclinaison, sans tournage) | B5: ='BPU - Grille de prix'!D50 -> 262.5 | C5: ='BPU - Grille de prix'!D52 -> 315 | D5: Paris
A6: U5 — Film institutionnel (2 jours de tournage) — équipe Paris | B6: ='BPU - Grille de prix'!D72 -> 12407.4 | C6: ='BPU - Grille de prix'!D74 -> 14888.88 | D6: Paris
A7: U6 — Vidéo vulgarisation scientifique (1,5 jour) — équipe Paris | B7: ='BPU - Grille de prix'!D90 -> 7034.25 | C7: ='BPU - Grille de prix'!D92 -> 8441.1 | D7: Paris
A8: U7 — Sous-titrage additionnel (par vidéo) | B8: ='BPU - Grille de prix'!D98 -> 131.25 | C8: ='BPU - Grille de prix'!D100 -> 157.5 | D8: Paris
A9: U8 — Prestation urgente 48h (1/2 journée) — RÉSEAU LOCAL | B9: ='BPU - Grille de prix'!D112 -> 1299.5 | C9: ='BPU - Grille de prix'!D114 -> 1559.4 | D9: Locale (à construire)
A11: Scénario hybride : U1/U3/U8 supposent un réseau de prestataires toulousains identifié avant le 30/09 — sinon, reprendre les prix 'équipe Paris' du chiffrage précédent pour ces 3 unités.
